Carimbo de data/hora,Nome completo,Data de nascimento,Gênero,Há quanto tempo  (em meses) pratica Handstand? ,Qual seu volume (em horas) que treina Handstand por semana? ,Marque a(s) modalidade(s) que pratica em que Handstand faz parte do treinamento?,"Possui alguma lesão, cirurgia ou limitação física preexistente que pode interferir na prática de atividade física?
",Se respondeu sim na pergunta anterior descreva sua condição.,E-mail ,Telefone para Contato - (DDD) + Número ,Telefone para Emergências -  (DDD) + Número ,Endereço ,"Algum médico já disse que você possui algum problema de coração e que só deveria realizar atividade física supervisionado por profissionais de saúde?
","Você sente dores no peito quando pratica atividade física?  
","Você apresenta desequilíbrio devido à tontura e/ ou perda de consciência?
","Você possui algum problema ósseo ou articular que poderia ser piorado pela atividade física?
","Você toma atualmente algum medicamento para pressão arterial e/ou problema de coração?
","No último mês, você sentiu dores no peito quando praticou atividade física?
","Sabe de alguma outra razão pela qual você não deve praticar atividade física?
","Assumo  plena  responsabilidade  por  qualquer atividade física praticada sem o atendimento a essa recomendação.
","Assinatura (digital ou foto)
"
29/08/2026 10:30:32,Gustavo Henrique Donato da Costa ,06/01/2006,Masculino,12 meses,1 hora,"Calistenia, Handbalancing (prática isolada)",Não,,gustavohdonato@gmail.com,(11)997031812,(11)997031896,Rua Aquidauana 557,Não,Não,Não,Não,Não,Não,Não,Sim,